"filename", "language", "Java", "Groovy", "Batch", "JSON", "Markdown", "Properties", "comment", "blank", "total"
"/Users/zachl/Desktop/Stable Swerve/.wpilib/wpilib_preferences.json", "JSON", 0, 0, 0, 6, 0, 0, 0, 0, 6
"/Users/zachl/Desktop/Stable Swerve/WPILib-License.md", "Markdown", 0, 0, 0, 0, 22, 0, 0, 3, 25
"/Users/zachl/Desktop/Stable Swerve/build.gradle", "Groovy", 0, 43, 0, 0, 0, 0, 24, 13, 80
"/Users/zachl/Desktop/Stable Swerve/gradle/wrapper/gradle-wrapper.properties", "Properties", 0, 0, 0, 0, 0, 5, 0, 1, 6
"/Users/zachl/Desktop/Stable Swerve/gradlew.bat", "Batch", 0, 0, 76, 0, 0, 0, 0, 25, 101
"/Users/zachl/Desktop/Stable Swerve/settings.gradle", "Groovy", 0, 26, 0, 0, 0, 0, 0, 2, 28
"/Users/zachl/Desktop/Stable Swerve/src/main/java/frc/robot/Constants.java", "Java", 64, 0, 0, 0, 0, 0, 24, 21, 109
"/Users/zachl/Desktop/Stable Swerve/src/main/java/frc/robot/Main.java", "Java", 8, 0, 0, 0, 0, 0, 13, 5, 26
"/Users/zachl/Desktop/Stable Swerve/src/main/java/frc/robot/Robot.java", "Java", 70, 0, 0, 0, 0, 0, 47, 21, 138
"/Users/zachl/Desktop/Stable Swerve/src/main/java/frc/robot/RobotContainer.java", "Java", 99, 0, 0, 0, 0, 0, 56, 26, 181
"/Users/zachl/Desktop/Stable Swerve/src/main/java/frc/robot/commands/DriveCommandFactory.java", "Java", 89, 0, 0, 0, 0, 0, 15, 29, 133
"/Users/zachl/Desktop/Stable Swerve/src/main/java/frc/robot/commands/InPlaceTurnCommand.java", "Java", 53, 0, 0, 0, 0, 0, 8, 16, 77
"/Users/zachl/Desktop/Stable Swerve/src/main/java/frc/robot/commands/TrajectoryDriveCommand.java", "Java", 77, 0, 0, 0, 0, 0, 9, 20, 106
"/Users/zachl/Desktop/Stable Swerve/src/main/java/frc/robot/commands/TurnFromOffset.java", "Java", 51, 0, 0, 0, 0, 0, 8, 15, 74
"/Users/zachl/Desktop/Stable Swerve/src/main/java/frc/robot/commands/VoltageTestCommand.java", "Java", 40, 0, 0, 0, 0, 0, 8, 13, 61
"/Users/zachl/Desktop/Stable Swerve/src/main/java/frc/robot/subsystems/DrivetrainSubsystem.java", "Java", 174, 0, 0, 0, 0, 0, 59, 39, 272
"/Users/zachl/Desktop/Stable Swerve/src/main/java/frc/robot/subsystems/LimelightSubsystem.java", "Java", 84, 0, 0, 0, 0, 0, 1, 12, 97
"/Users/zachl/Desktop/Stable Swerve/vendordeps/Phoenix.json", "JSON", 0, 0, 0, 214, 0, 0, 0, 0, 214
"/Users/zachl/Desktop/Stable Swerve/vendordeps/REVRobotics.json", "JSON", 0, 0, 0, 73, 0, 0, 0, 1, 74
"/Users/zachl/Desktop/Stable Swerve/vendordeps/SdsSwerveLib.json", "JSON", 0, 0, 0, 19, 0, 0, 0, 1, 20
"/Users/zachl/Desktop/Stable Swerve/vendordeps/WPILibNewCommands.json", "JSON", 0, 0, 0, 37, 0, 0, 0, 1, 38
"/Users/zachl/Desktop/Stable Swerve/vendordeps/navx_frc.json", "JSON", 0, 0, 0, 35, 0, 0, 0, 0, 35
"Total", "-", 809, 69, 76, 384, 22, 5, 272, 264, 1901